Name	Species	O-type	H-type	Serotype	QC	Evidence	GeneScores	AlleleKeys	GeneIdentities(%)	GeneCoverages(%)	GeneContigNames	GeneRanges	GeneLengths	Database	Warnings
ERR1417725.skesa	-	O109	H5	O109:H5	-	Based on 3 allele(s)	wzx:1;wzy:1;fliC:1;	O109-4-wzx;O109-7-wzy;H5-2-fliC-origin;	100;100;100;	100;100;100;	Contig_4_70.1224;Contig_4_70.1224;Contig_101_70.7452;	186747-188111;180190-181410;40862-42172;	1365;1221;1311;	v1.0 (11-03-2020)	-
ERR1417748.skesa	-	O153	H8	O153:H8	-	Based on 3 allele(s)	wzx:1;wzy:1;fliC:1;	O153-3-wzx-origin;O153-4-wzy-origin;H8-1-fliC-origin;	100;100;100;	100;100;100;	Contig_4_75.664;Contig_4_75.664;Contig_4_75.664;	33386-34564;31251-32429;158905-160383;	1179;1179;1479;	v1.0 (11-03-2020)	High similarity O-antigen group 11:O153/O178 as per A.Iguchi et.al (PMID: 25428893)
SRR10107306.skesa	-	-	H31	-:H31	-	Based on 1 allele(s)	fliC:0.99;	H31-1-fliC-origin;	99.341;	100;	Contig_138_44.0226;	22151-23818;	1668;	v1.0 (11-03-2020)	-
SRR10107308.skesa	-	-	H21	-:H21	-	Based on 1 allele(s)	fliC:1;	H21-12-fliC;	100;	100;	Contig_322_48.5703;	46665-48140;	1476;	v1.0 (11-03-2020)	-
SRR10107321.skesa	-	O187	H52	O187:H52	-	Based on 2 allele(s)	wzx:0.95;fliC:1;	O187-1-wzx-origin;H52-2-fliC-origin;	100;100;	95;100;	Contig_24_9.78053;Contig_240_41.3726;	1-1198;46820-48163;	1198;1344;	v1.0 (11-03-2020)	-
SRR10107326.skesa	-	-	H21	-:H21	-	Based on 1 allele(s)	fliC:1;	H21-12-fliC;	100;	100;	Contig_268_43.0507;	19315-20790;	1476;	v1.0 (11-03-2020)	-
SRR10107330.skesa	-	-	H25	-:H25	-	Based on 1 allele(s)	fliC:1;	H25-2-fliC-origin;	100;	100;	Contig_265_40.7591;	15422-16753;	1332;	v1.0 (11-03-2020)	-
SRR11235077.skesa	-	-	H38	-:H38	-	Based on 1 allele(s)	fliC:1;	H38-5-fliC;	100;	100;	Contig_26_169.384;	379399-380741;	1343;	v1.0 (11-03-2020)	-
SRR11550958.skesa	-	-	H4	-:H4	-	Based on 1 allele(s)	fliC:1;	H4-2-fliC-origin;	99.905;	100;	Contig_44_31.603;	44786-45835;	1050;	v1.0 (11-03-2020)	-
SRR11550959.skesa	-	O8	H21	O8:H21	-	Based on 3 allele(s)	wzm:1;wzt:1;fliC:1;	O8-16-wzm;O8-32-wzt;H21-12-fliC;	100;100;100;	100;100;100;	Contig_13_22.9284;Contig_13_22.9284;Contig_13_22.9284;	485774-486568;484560-485774;364468-365943;	795;1215;1476;	v1.0 (11-03-2020)	-
SRR11810141.skesa	-	O83	H42	O83:H42	-	Based on 3 allele(s)	wzx:0.999;wzy:0.999;fliC:1;	O83-3-wzx-origin;O83-2-wzy-origin;H42-13-fliC;	99.855;99.919;100;	100;100;100;	Contig_5_447.101;Contig_5_447.101;Contig_5_447.101;	187122-188498;185890-187125;11178-12457;	1377;1236;1280;	v1.0 (11-03-2020)	-
SRR11810165.skesa	-	O9	H9	O9:H9	-	Based on 3 allele(s)	wzm:1;wzt:1;fliC:1;	O9-14-wzm;O9-20-wzt;H9-3-fliC;	100;100;100;	100;100;100;	Contig_29_369.283;Contig_29_369.283;Contig_73_356.5;	33727-34512;32429-33724;31182-33194;	786;1296;2013;	v1.0 (11-03-2020)	-
SRR11810176.skesa	-	O9	H10	O9:H10	-	Based on 3 allele(s)	wzm:1;wzt:1;fliC:1;	O9-14-wzm;O9-19-wzt;H10-17-fliC;	100;100;100;	100;100;100;	Contig_9_383.13;Contig_9_383.13;Contig_44_385.964;	28928-29713;27630-28925;146227-147489;	786;1296;1263;	v1.0 (11-03-2020)	-
SRR11810181.skesa	-	O77/O17/O44/O106/O73	H18	O77/O17/O44/O106/O73:H18	-	Based on 3 allele(s)	wzx:1;wzy:1;fliC:1;	O77-1-wzx-origin/O17-1-wzx-origin;O77-3-wzy-inhouse/O17-2-wzy-origin;H18-1-fliC-origin;	100;100;100;	100;100;100;	Contig_56_271.879;Contig_56_271.879;Contig_9_251.436;	56222-57457;57499-58830;127834-129498;	1236;1332;1665;	v1.0 (11-03-2020)	High similarity O-antigen group 9:O17/O44/O73/O77/O106 as per A.Iguchi et.al (PMID: 25428893)
SRR11810188.skesa	-	O40	H27	O40:H27	-	Based on 3 allele(s)	wzx:1;wzy:1;fliC:1;	O40-6-wzx;O40-7-wzy;H27-11-fliC;	100;100;100;	100;100;100;	Contig_134_427.083;Contig_134_427.083;Contig_73_393.071;	159-1439;2636-3841;122687-124147;	1281;1206;1461;	v1.0 (11-03-2020)	-
SRR11810190.skesa	-	-	H42	-:H42	-	Based on 1 allele(s)	fliC:1;	H42-13-fliC;	100;	100;	Contig_6_342.736;	11178-12457;	1280;	v1.0 (11-03-2020)	-
SRR11810197.skesa	-	O9	H10	O9:H10	-	Based on 3 allele(s)	wzm:1;wzt:1;fliC:1;	O9-14-wzm;O9-19-wzt;H10-17-fliC;	100;100;100;	100;100;100;	Contig_9_382.499;Contig_9_382.499;Contig_43_346.587;	28928-29713;27630-28925;146227-147489;	786;1296;1263;	v1.0 (11-03-2020)	-
SRR11810198.skesa	-	O8/O32	H20	O8/O32:H20	-	Based on 3 allele(s)	wzm:1;wzt:1;fliC:1;	O8-16-wzm;O8-32-wzt;H20-3-fliC;	100;100;100;	100;100;100;	Contig_63_407.759;Contig_63_407.759;Contig_63_407.759;	136324-137118;135110-136324;46820-48550;	795;1215;1731;	v1.0 (11-03-2020)	-
SRR2724180.skesa	-	O142	H29	O142:H29	-	Based on 3 allele(s)	wzx:1;wzy:0.999;fliC:1;	O142-5-wzx;O142-7-wzy;H29-2-fliC-origin;	100;99.915;100;	100;100;100;	Contig_29_73.1495;Contig_29_73.1495;Contig_7_78.5957;	104537-105781;105833-107014;30330-31652;	1245;1182;1323;	v1.0 (11-03-2020)	-
SRR2860616.skesa	-	O25	H15	O25:H15	-	Based on 2 allele(s)	wzx:1;fliC:1;	O25-1-wzx-origin;H15-1-fliC-origin;	100;100;	100;100;	Contig_107_20.4566;Contig_148_41.842;	626-1885;22539-24227;	1260;1689;	v1.0 (11-03-2020)	-
SRR2914454.skesa	-	-	H7	-:H7	-	Based on 1 allele(s)	fliC:1;	H7-1-fliC-origin;	100;	100;	Contig_44_51.8766;	11516-13273;	1758;	v1.0 (11-03-2020)	-
SRR3205900.skesa	-	O157	H7	O157:H7	-	Based on 3 allele(s)	wzx:1;wzy:1;fliC:1;	O157-1-wzx-origin;O157-118-wzy;H7-1-fliC-origin;	100;100;100;	100;100;100;	Contig_145_61.1906;Contig_145_61.1906;Contig_4_62.656;	106183-107574;104315-105481;11296-13053;	1392;1167;1758;	v1.0 (11-03-2020)	-
SRR3205910.skesa	-	-	H7	-:H7	-	Based on 1 allele(s)	fliC:1;	H7-1-fliC-origin;	100;	100;	Contig_31_35.8893;	5216-6973;	1758;	v1.0 (11-03-2020)	-
SRR3205915.skesa	-	O157	H7	O157:H7	-	Based on 3 allele(s)	wzx:0.95;wzy:0.51;fliC:1;	O157-1-wzx-origin;O157-209-wzy;H7-1-fliC-origin;	100;100;100;	95;51;100;	Contig_65_42.4933;Contig_101_13.6248;Contig_37_44.2509;	1-1329;108-609;11294-13051;	1329;502;1758;	v1.0 (11-03-2020)	-
SRR3205926.skesa	-	O157	H7	O157:H7	-	Based on 3 allele(s)	wzx:1;wzy:1;fliC:1;	O157-1-wzx-origin;O157-118-wzy;H7-1-fliC-origin;	100;100;100;	100;100;100;	Contig_128_47.3183;Contig_128_47.3183;Contig_7_46.1146;	65451-66842;63583-64749;11296-13053;	1392;1167;1758;	v1.0 (11-03-2020)	-
SRR3205935.skesa	-	O157	H7	O157:H7	-	Based on 3 allele(s)	wzx:1;wzy:1;fliC:1;	O157-1-wzx-origin;O157-118-wzy;H7-1-fliC-origin;	100;100;100;	100;100;100;	Contig_95_48.1786;Contig_95_48.1786;Contig_175_47.3088;	110571-111962;108703-109869;147766-149523;	1392;1167;1758;	v1.0 (11-03-2020)	-
SRR3205939.skesa	-	O157	H7	O157:H7	-	Based on 3 allele(s)	wzx:1;wzy:1;fliC:1;	O157-1-wzx-origin;O157-118-wzy;H7-1-fliC-origin;	100;100;100;	100;100;100;	Contig_165_53.2648;Contig_165_53.2648;Contig_5_53.0728;	110813-112204;108945-110111;11296-13053;	1392;1167;1758;	v1.0 (11-03-2020)	-
SRR3210523.skesa	-	O157	H7	O157:H7	-	Based on 3 allele(s)	wzx:1;wzy:0.87;fliC:1;	O157-1-wzx-origin;O157-220-wzy;H7-26-fliC;	100;100;100;	100;87;100;	Contig_64_32.8453;Contig_49_9.22252;Contig_9_30.8379;	364-1755;308-1157;11296-13053;	1392;850;1758;	v1.0 (11-03-2020)	-
SRR3210527.skesa	-	O157	H7	O157:H7	-	Based on 3 allele(s)	wzx:1;wzy:1;fliC:1;	O157-1-wzx-origin;O157-118-wzy;H7-1-fliC-origin;	100;100;100;	100;100;100;	Contig_161_33.1361;Contig_161_33.1361;Contig_168_36.8193;	65432-66823;63564-64730;13841-15598;	1392;1167;1758;	v1.0 (11-03-2020)	-
SRR3223807.skesa	-	O157	H7	O157:H7	-	Based on 3 allele(s)	wzx:1;wzy:1;fliC:1;	O157-1-wzx-origin;O157-118-wzy;H7-1-fliC-origin;	100;100;100;	100;100;100;	Contig_329_67.9919;Contig_329_67.9919;Contig_4_69.6622;	12719-14110;10851-12017;11296-13053;	1392;1167;1758;	v1.0 (11-03-2020)	-
SRR3278070.skesa	-	O157	H7	O157:H7	-	Based on 3 allele(s)	wzx:1;wzy:1;fliC:1;	O157-1-wzx-origin;O157-118-wzy;H7-28-fliC;	100;100;100;	100;100;100;	Contig_178_43.6518;Contig_178_43.6518;Contig_2_43.5099;	90724-92115;88856-90022;11296-13053;	1392;1167;1758;	v1.0 (11-03-2020)	-
SRR3278072.skesa	-	O157	H7	O157:H7	-	Based on 2 allele(s)	wzx:1;fliC:1;	O157-1-wzx-origin;H7-1-fliC-origin;	100;100;	100;100;	Contig_1_28.7107;Contig_178_47.864;	127-1518;11436-13193;	1392;1758;	v1.0 (11-03-2020)	-
SRR3278077.skesa	-	-	H7	-:H7	-	Based on 1 allele(s)	fliC:1;	H7-1-fliC-origin;	100;	100;	Contig_49_34.2926;	11485-13242;	1758;	v1.0 (11-03-2020)	-
SRR3278078.skesa	-	O157	H7	O157:H7	-	Based on 3 allele(s)	wzx:1;wzy:1;fliC:1;	O157-1-wzx-origin;O157-118-wzy;H7-1-fliC-origin;	100;100;100;	100;100;100;	Contig_11_56.085;Contig_11_56.085;Contig_4_56.4976;	88878-90269;87010-88176;11296-13053;	1392;1167;1758;	v1.0 (11-03-2020)	-
SRR3657449.skesa	-	O88	H25	O88:H25	-	Based on 3 allele(s)	wzx:1;wzy:1;fliC:1;	O88-1-wzx-origin;O88-2-wzy-origin;H25-2-fliC-origin;	100;100;100;	100;100;100;	Contig_71_89.2084;Contig_71_89.2084;Contig_72_80.3622;	28574-30031;26371-27645;122590-123921;	1458;1275;1332;	v1.0 (11-03-2020)	-
SRR3988166.skesa	-	O170	H8	O170:H8	-	Based on 3 allele(s)	wzx:1;wzy:0.999;fliC:1;	O170-3-wzx;O170-4-wzy;H8-1-fliC-origin;	100;99.915;100;	100;100;100;	Contig_73_49.7564;Contig_5_29.4804;Contig_45_49.9193;	2430-3677;376-1548;123221-124699;	1248;1173;1479;	v1.0 (11-03-2020)	-
SRR3989549.skesa	-	O104	H23	O104:H23	-	Based on 3 allele(s)	wzx:1;wzy:1;fliC:1;	O104-5-wzx-origin;O104-13-wzy;H23-2-fliC;	100;100;99.943;	100;100;100;	Contig_20_84.7334;Contig_20_84.7334;Contig_9_79.906;	463053-464243;460625-461737;29921-31687;	1191;1113;1767;	v1.0 (11-03-2020)	-
SRR3989583.skesa	-	O104	H12	O104:H12	-	Based on 3 allele(s)	wzx:1;wzy:1;fliC:1;	O104-7-wzx;O104-12-wzy;H12-4-fliC-origin;	100;100;100;	100;100;100;	Contig_51_94.8328;Contig_51_94.8328;Contig_51_94.8328;	131246-132541;133752-134864;33232-35019;	1296;1113;1788;	v1.0 (11-03-2020)	-
SRR5034457.skesa	-	O157	H7	O157:H7	-	Based on 3 allele(s)	wzx:1;wzy:0.998;fliC:1;	O157-1-wzx-origin;O157-209-wzy;H7-1-fliC-origin;	100;99.797;100;	100;100;100;	Contig_202_78.0464;Contig_202_78.0464;Contig_56_85.4728;	1741-3132;56-1039;10854-12611;	1392;984;1758;	v1.0 (11-03-2020)	-
SRR5034461.skesa	-	O157	H7	O157:H7	-	Based on 2 allele(s)	wzx:1;fliC:1;	O157-1-wzx-origin;H7-1-fliC-origin;	100;100;	100;100;	Contig_81_22.8001;Contig_275_33.6442;	1547-2938;11436-13193;	1392;1758;	v1.0 (11-03-2020)	-
SRR5034468.skesa	-	O157	H7	O157:H7	-	Based on 3 allele(s)	wzx:1;wzy:1;fliC:1;	O157-1-wzx-origin;O157-118-wzy;H7-1-fliC-origin;	100;100;100;	100;100;100;	Contig_166_59.6949;Contig_166_59.6949;Contig_112_56.4321;	9560-10951;7692-8858;95994-97751;	1392;1167;1758;	v1.0 (11-03-2020)	-
SRR5047372.skesa	-	O157	H7	O157:H7	-	Based on 2 allele(s)	wzx:0.91;fliC:1;	O157-1-wzx-origin;H7-1-fliC-origin;	100;100;	91;100;	Contig_119_13.2422;Contig_152_85.6153;	1-1267;11620-13377;	1267;1758;	v1.0 (11-03-2020)	-
SRR5232018.skesa	-	O157	H7	O157:H7	-	Based on 3 allele(s)	wzx:1;wzy:1;fliC:1;	O157-1-wzx-origin;O157-118-wzy;H7-1-fliC-origin;	100;100;100;	100;100;100;	Contig_147_60.9175;Contig_147_60.9175;Contig_157_60.3266;	65424-66815;63556-64722;147766-149523;	1392;1167;1758;	v1.0 (11-03-2020)	-
SRR5886001.skesa	-	O26	H11	O26:H11	-	Based on 3 allele(s)	wzx:1;wzy:0.999;fliC:1;	O26-1-wzx-origin;O26-2-wzy-origin;H11-4-fliC;	100;99.902;100;	100;100;100;	Contig_91_75.2737;Contig_91_75.2737;Contig_270_71.7661;	43236-44498;44564-45586;14640-16098;	1263;1023;1459;	v1.0 (11-03-2020)	-
SRR5886010.skesa	-	O26	H11	O26:H11	-	Based on 3 allele(s)	wzx:1;wzy:0.999;fliC:1;	O26-1-wzx-origin;O26-2-wzy-origin;H11-4-fliC;	100;99.902;100;	100;100;100;	Contig_81_53.9526;Contig_81_53.9526;Contig_139_49.466;	101133-102395;102461-103483;102483-103941;	1263;1023;1459;	v1.0 (11-03-2020)	-
SRR5886011.skesa	-	O26	H11	O26:H11	-	Based on 3 allele(s)	wzx:0.998;wzy:1;fliC:1;	O26-1-wzx-origin;O26-2-wzy-origin;H11-4-fliC;	99.842;100;100;	100;100;100;	Contig_166_47.446;Contig_166_47.446;Contig_174_46.0087;	65446-66708;66774-67796;46682-48140;	1263;1023;1459;	v1.0 (11-03-2020)	-
SRR5886037.skesa	-	O26	H11	O26:H11	-	Based on 3 allele(s)	wzx:0.999;wzy:1;fliC:1;	O26-1-wzx-origin;O26-2-wzy-origin;H11-4-fliC;	99.921;100;100;	100;100;100;	Contig_19_74.6833;Contig_19_74.6833;Contig_98_69.5001;	226663-227925;227991-229013;22459-23917;	1263;1023;1459;	v1.0 (11-03-2020)	-
SRR5886071.skesa	-	O26	H11	O26:H11	-	Based on 3 allele(s)	wzx:1;wzy:1;fliC:1;	O26-1-wzx-origin;O26-2-wzy-origin;H11-4-fliC;	100;100;100;	100;100;100;	Contig_71_86.101;Contig_71_86.101;Contig_331_79.5472;	43236-44498;44564-45586;46673-48131;	1263;1023;1459;	v1.0 (11-03-2020)	-
SRR5886074.skesa	-	O26	H11	O26:H11	-	Based on 3 allele(s)	wzx:1;wzy:0.999;fliC:1;	O26-1-wzx-origin;O26-2-wzy-origin;H11-4-fliC;	100;99.902;100;	100;100;100;	Contig_180_72.4647;Contig_180_72.4647;Contig_133_69.5861;	101116-102378;102444-103466;18419-19877;	1263;1023;1459;	v1.0 (11-03-2020)	-
SRR5886088.skesa	-	O26	H11	O26:H11	-	Based on 3 allele(s)	wzx:1;wzy:0.999;fliC:1;	O26-1-wzx-origin;O26-2-wzy-origin;H11-4-fliC;	100;99.902;100;	100;100;100;	Contig_82_67.7427;Contig_82_67.7427;Contig_215_61.099;	43342-44604;44670-45692;15583-17041;	1263;1023;1459;	v1.0 (11-03-2020)	-
SRR5886089.skesa	-	O26	H11	O26:H11	-	Based on 3 allele(s)	wzx:1;wzy:1;fliC:1;	O26-1-wzx-origin;O26-2-wzy-origin;H11-4-fliC;	100;100;100;	100;100;100;	Contig_161_49.9598;Contig_161_49.9598;Contig_15_46.7151;	101116-102378;102444-103466;100213-101671;	1263;1023;1459;	v1.0 (11-03-2020)	-
SRR5886092.skesa	-	O26	H11	O26:H11	-	Based on 3 allele(s)	wzx:0.72;wzy:0.999;fliC:1;	O26-1-wzx-origin;O26-2-wzy-origin;H11-4-fliC;	100;99.902;100;	72;100;100;	Contig_245_89.2601;Contig_245_89.2601;Contig_145_78.9774;	33953-34867;32865-33887;15583-17041;	915;1023;1459;	v1.0 (11-03-2020)	-
SRR5886097.skesa	-	O26	H11	O26:H11	-	Based on 3 allele(s)	wzx:1;wzy:1;fliC:1;	O26-1-wzx-origin;O26-2-wzy-origin;H11-4-fliC;	100;100;100;	100;100;100;	Contig_96_93.2869;Contig_96_93.2869;Contig_7_87.0468;	28656-29918;29984-31006;55060-56518;	1263;1023;1459;	v1.0 (11-03-2020)	-
SRR5886101.skesa	-	O26	H11	O26:H11	-	Based on 3 allele(s)	wzx:1;wzy:0.999;fliC:1;	O26-1-wzx-origin;O26-2-wzy-origin;H11-4-fliC;	100;99.902;100;	100;100;100;	Contig_266_38.3044;Contig_266_38.3044;Contig_215_35.4972;	101116-102378;102444-103466;15583-17041;	1263;1023;1459;	v1.0 (11-03-2020)	-
SRR5886103.skesa	-	O26	H11	O26:H11	-	Based on 3 allele(s)	wzx:0.75;wzy:0.999;fliC:1;	O26-3-wzx;O26-2-wzy-origin;H11-4-fliC;	100;99.902;100;	75;100;100;	Contig_193_92.0648;Contig_291_103.544;Contig_150_91.2208;	101275-102222;33829-34851;15583-17041;	948;1023;1459;	v1.0 (11-03-2020)	-
SRR5886109.skesa	-	O26	H11	O26:H11	-	Based on 3 allele(s)	wzx:1;wzy:1;fliC:1;	O26-1-wzx-origin;O26-2-wzy-origin;H11-4-fliC;	100;100;100;	100;100;100;	Contig_177_77.9221;Contig_177_77.9221;Contig_135_73.5796;	101117-102379;102445-103467;27740-29198;	1263;1023;1459;	v1.0 (11-03-2020)	-
SRR5886113.skesa	-	O26	H11	O26:H11	-	Based on 3 allele(s)	wzx:1;wzy:1;fliC:1;	O26-1-wzx-origin;O26-2-wzy-origin;H11-4-fliC;	100;100;100;	100;100;100;	Contig_173_113.63;Contig_173_113.63;Contig_160_106.982;	101116-102378;102444-103466;139789-141247;	1263;1023;1459;	v1.0 (11-03-2020)	-
SRR5886119.skesa	-	O26	H11	O26:H11	-	Based on 3 allele(s)	wzx:1;wzy:1;fliC:1;	O26-1-wzx-origin;O26-2-wzy-origin;H11-4-fliC;	100;100;100;	100;100;100;	Contig_198_49.5688;Contig_198_49.5688;Contig_281_50.1258;	101116-102378;102444-103466;97875-99333;	1263;1023;1459;	v1.0 (11-03-2020)	-
SRR5886122.skesa	-	O26	H11	O26:H11	-	Based on 3 allele(s)	wzx:1;wzy:0.999;fliC:1;	O26-1-wzx-origin;O26-2-wzy-origin;H11-4-fliC;	100;99.902;100;	100;100;100;	Contig_133_72.3485;Contig_133_72.3485;Contig_90_74.2766;	101276-102538;102604-103626;18419-19877;	1263;1023;1459;	v1.0 (11-03-2020)	-
SRR6764075.skesa	-	O98	H21	O98:H21	-	Based on 2 allele(s)	wzx:1;fliC:1;	O98-1-wzx-origin;H21-12-fliC;	100;100;	100;100;	Contig_63_86.8488;Contig_87_89.6801;	33035-34336;108311-109786;	1302;1476;	v1.0 (11-03-2020)	-
SRR6764090.skesa	-	O91	H21	O91:H21	-	Based on 3 allele(s)	wzx:1;wzy:0.999;fliC:1;	O91-1-wzx-origin;O91-5-wzy;H21-12-fliC;	100;99.917;100;	100;100;100;	Contig_60_57.607;Contig_60_57.607;Contig_83_55.2564;	24862-26127;20861-22072;46661-48136;	1266;1212;1476;	v1.0 (11-03-2020)	-
SRR6764108.skesa	-	O153/O178	H19	O153/O178:H19	-	Based on 3 allele(s)	wzx:1;wzy:1;fliC:1;	O153-1-wzx-origin/O178-1-wzx-origin;O153-2-wzy-origin/O178-3-wzy-origin;H19-4-fliC;	100;100;99.945;	100;100;100;	Contig_426_91.9948;Contig_426_91.9948;Contig_559_101.338;	10339-11568;9261-10334;563-2394;	1230;1074;1832;	v1.0 (11-03-2020)	High similarity O-antigen group 11:O153/O178 as per A.Iguchi et.al (PMID: 25428893)
SRR6766638.skesa	-	O177	H25	O177:H25	-	Based on 3 allele(s)	wzx:1;wzy:1;fliC:1;	O177-3-wzx;O177-6-wzy;H25-7-fliC;	100;100;100;	100;100;100;	Contig_138_75.8202;Contig_138_75.8202;Contig_3_91.455;	44905-46170;46730-48016;36510-37706;	1266;1287;1197;	v1.0 (11-03-2020)	-
SRR6766640.skesa	-	O109	H10	O109:H10	-	Based on 3 allele(s)	wzx:0.999;wzy:0.998;fliC:1;	O109-3-wzx;O109-6-wzy;H10-4-fliC;	99.927;99.754;99.921;	100;100;100;	Contig_103_79.714;Contig_103_79.714;Contig_33_76.4699;	86384-87748;79827-81047;917-2178;	1365;1221;1262;	v1.0 (11-03-2020)	-
SRR6766649.skesa	-	-	-	-:-	-	-	-							v1.0 (11-03-2020)	No O and H antigen determinant E.coli genes were found. Try running with --verify parameter
SRR7235136.skesa	-	O91	H21	O91:H21	-	Based on 2 allele(s)	wzy:1;fliC:1;	O91-5-wzy;H21-12-fliC;	100;100;	100;100;	Contig_61_26.0572;Contig_118_28.9;	20864-22075;46662-48137;	1212;1476;	v1.0 (11-03-2020)	-
SRR7235148.skesa	-	O108	H8	O108:H8	-	Based on 3 allele(s)	wzx:1;wzy:1;fliC:1;	O108-5-wzx-origin;O108-4-wzy-origin;H8-2-fliC-origin;	100;100;100;	100;100;100;	Contig_20_105.746;Contig_20_105.746;Contig_14_100.098;	104837-105958;105945-107135;106359-107837;	1122;1191;1479;	v1.0 (11-03-2020)	-
SRR7235152.skesa	-	O22	H8	O22:H8	-	Based on 3 allele(s)	wzx:1;wzy:0.993;fliC:1;	O22-9-wzx;O22-5-wzy-origin;H8-2-fliC-origin;	100;99.343;100;	100;100;100;	Contig_59_57.5783;Contig_59_57.5783;Contig_83_56.5017;	55400-56617;55400-56617;122297-123775;	1218;1218;1479;	v1.0 (11-03-2020)	-
SRR7235164.skesa	-	O113	H21	O113:H21	-	Based on 3 allele(s)	wzx:0.999;wzy:1;fliC:1;	O113-3-wzx;O113-2-wzy-origin;H21-12-fliC;	99.859;100;100;	100;100;100;	Contig_73_49.9348;Contig_73_49.9348;Contig_34_44.1842;	61094-62515;63453-64640;79180-80655;	1422;1188;1476;	v1.0 (11-03-2020)	-
SRR7235176.skesa	-	O139	H19	O139:H19	-	Based on 3 allele(s)	wzx:0.998;wzy:0.997;fliC:1;	O139-4-wzx;O139-6-wzy;H19-4-fliC;	99.754;99.677;99.945;	100;100;100;	Contig_49_71.5217;Contig_49_71.5217;Contig_55_68.9894;	117313-118533;115219-116457;46821-48652;	1221;1239;1832;	v1.0 (11-03-2020)	-
SRR7235192.skesa	-	O108	H8	O108:H8	-	Based on 3 allele(s)	wzx:1;wzy:1;fliC:1;	O108-5-wzx-origin;O108-4-wzy-origin;H8-2-fliC-origin;	100;100;100;	100;100;100;	Contig_84_70.7485;Contig_84_70.7485;Contig_84_70.7485;	106963-108084;108071-109261;254223-255701;	1122;1191;1479;	v1.0 (11-03-2020)	-
SRR7235209.skesa	-	O130	H38	O130:H38	-	Based on 3 allele(s)	wzx:0.999;wzy:0.996;fliC:1;	O130-1-wzx-origin;O130-2-wzy-origin;H38-6-fliC;	99.922;99.552;100;	100;100;100;	Contig_26_78.8234;Contig_26_78.8234;Contig_26_78.8234;	54595-55869;57847-58962;170253-171595;	1275;1116;1343;	v1.0 (11-03-2020)	-
SRR7235210.skesa	-	O139	H19	O139:H19	-	Based on 3 allele(s)	wzx:0.998;wzy:0.997;fliC:1;	O139-4-wzx;O139-6-wzy;H19-4-fliC;	99.754;99.677;99.945;	100;100;100;	Contig_3_51.0395;Contig_3_51.0395;Contig_55_49.4073;	107966-109186;105872-107110;46821-48652;	1221;1239;1832;	v1.0 (11-03-2020)	-
SRR7235227.skesa	-	O139	H19	O139:H19	-	Based on 3 allele(s)	wzx:0.998;wzy:0.997;fliC:1;	O139-4-wzx;O139-6-wzy;H19-4-fliC;	99.754;99.677;99.945;	100;100;100;	Contig_18_69.9385;Contig_18_69.9385;Contig_58_69.9021;	107839-109059;105745-106983;46821-48652;	1221;1239;1832;	v1.0 (11-03-2020)	-
SRR7235231.skesa	-	O6	H34	O6:H34	-	Based on 3 allele(s)	wzx:1;wzy:1;fliC:0.66;	O6-15-wzx;O6-5-wzy-origin;H34-3-fliC;	100;100;98.548;	100;100;67;	Contig_23_85.8198;Contig_23_85.8198;Contig_23_85.8198;	583762-585018;585018-586361;702858-703959;	1257;1344;1102;	v1.0 (11-03-2020)	-
SRR7235234.skesa	-	O130	H38	O130:H38	-	Based on 3 allele(s)	wzx:0.999;wzy:0.996;fliC:1;	O130-1-wzx-origin;O130-2-wzy-origin;H38-6-fliC;	99.922;99.552;100;	100;100;100;	Contig_35_62.2683;Contig_35_62.2683;Contig_35_62.2683;	54595-55869;57847-58962;170253-171595;	1275;1116;1343;	v1.0 (11-03-2020)	-
SRR7235245.skesa	-	O42/O28	H25	O42/O28:H25	-	Based on 3 allele(s)	wzx:1;wzy:1;fliC:1;	O42-2-wzx-origin/O28-2-wzx-origin;O42-3-wzy-origin/O28-5-wzy-origin;H25-2-fliC-origin;	100;100;100;	100;100;100;	Contig_151_49.5624;Contig_151_49.5624;Contig_125_47.9976;	29289-30359;26738-28117;51038-52369;	1071;1380;1332;	v1.0 (11-03-2020)	High similarity O-antigen group 2:O28/O42 as per A.Iguchi et.al (PMID: 25428893)
SRR7235261.skesa	-	-	H21	-:H21	-	Based on 1 allele(s)	fliC:1;	H21-12-fliC;	100;	100;	Contig_144_37.4149;	46662-48137;	1476;	v1.0 (11-03-2020)	-
SRR7235267.skesa	-	O139	H19	O139:H19	-	Based on 3 allele(s)	wzx:0.998;wzy:0.997;fliC:1;	O139-4-wzx;O139-6-wzy;H19-4-fliC;	99.754;99.677;99.945;	100;100;100;	Contig_64_56.4575;Contig_64_56.4575;Contig_67_53.1378;	86386-87606;84292-85530;46821-48652;	1221;1239;1832;	v1.0 (11-03-2020)	-
SRR7235283.skesa	-	O108	H8	O108:H8	-	Based on 2 allele(s)	wzx:0.91;fliC:1;	O108-5-wzx-origin;H8-2-fliC-origin;	100;100;	91;100;	Contig_2_67.5942;Contig_48_59.35;	1-1024;107455-108933;	1024;1479;	v1.0 (11-03-2020)	-
SRR7235290.skesa	-	O139	H19	O139:H19	-	Based on 3 allele(s)	wzx:0.998;wzy:0.997;fliC:1;	O139-4-wzx;O139-6-wzy;H19-4-fliC;	99.754;99.677;99.945;	100;100;100;	Contig_19_41.0812;Contig_19_41.0812;Contig_48_39.9232;	86729-87949;84635-85873;46821-48652;	1221;1239;1832;	v1.0 (11-03-2020)	-
SRR7235292.skesa	-	-	H21	-:H21	-	Based on 1 allele(s)	fliC:1;	H21-12-fliC;	100;	100;	Contig_151_30.0987;	46662-48137;	1476;	v1.0 (11-03-2020)	-
SRR7235298.skesa	-	O132	H18	O132:H18	-	Based on 3 allele(s)	wzx:1;wzy:0.99;fliC:0.98;	O132-3-wzx;O132-8-wzy;H18-2-fliC;	100;100;97.898;	100;99;100;	Contig_59_64.707;Contig_59_64.707;Contig_107_62.5615;	54185-55468;49330-50527;339834-341498;	1284;1198;1665;	v1.0 (11-03-2020)	-
SRR7235302.skesa	-	O22	H8	O22:H8	-	Based on 3 allele(s)	wzx:1;wzy:0.993;fliC:1;	O22-9-wzx;O22-5-wzy-origin;H8-2-fliC-origin;	100;99.343;100;	100;100;100;	Contig_52_77.3987;Contig_52_77.3987;Contig_76_73.1335;	55400-56617;55400-56617;122297-123775;	1218;1218;1479;	v1.0 (11-03-2020)	-
SRR7235306.skesa	-	O139	H19	O139:H19	-	Based on 3 allele(s)	wzx:0.998;wzy:0.997;fliC:1;	O139-4-wzx;O139-6-wzy;H19-4-fliC;	99.754;99.677;99.945;	100;100;100;	Contig_7_73.4149;Contig_7_73.4149;Contig_46_69.7511;	108998-110218;106904-108142;46821-48652;	1221;1239;1832;	v1.0 (11-03-2020)	-
SRR7235313.skesa	-	O139	H19	O139:H19	-	Based on 3 allele(s)	wzx:0.998;wzy:0.997;fliC:1;	O139-4-wzx;O139-6-wzy;H19-4-fliC;	99.754;99.677;99.945;	100;100;100;	Contig_25_72.5562;Contig_25_72.5562;Contig_46_69.9275;	108444-109664;106350-107588;46821-48652;	1221;1239;1832;	v1.0 (11-03-2020)	-
SRR7644825.skesa	-	O157	H7	O157:H7	-	Based on 3 allele(s)	wzx:1;wzy:1;fliC:1;	O157-1-wzx-origin;O157-118-wzy;H7-1-fliC-origin;	100;100;100;	100;100;100;	Contig_72_57.8213;Contig_72_57.8213;Contig_28_52.7749;	111332-112723;109464-110630;147878-149635;	1392;1167;1758;	v1.0 (11-03-2020)	-
SRR7644833.skesa	-	O157	H7	O157:H7	-	Based on 3 allele(s)	wzx:1;wzy:1;fliC:1;	O157-1-wzx-origin;O157-118-wzy;H7-1-fliC-origin;	100;100;100;	100;100;100;	Contig_52_79.5945;Contig_52_79.5945;Contig_103_85.8402;	65557-66948;63689-64855;11544-13301;	1392;1167;1758;	v1.0 (11-03-2020)	-
SRR7644837.skesa	-	O157	H7	O157:H7	-	Based on 3 allele(s)	wzx:1;wzy:1;fliC:1;	O157-1-wzx-origin;O157-118-wzy;H7-1-fliC-origin;	100;100;100;	100;100;100;	Contig_68_64.8297;Contig_68_64.8297;Contig_5_61.8624;	111544-112935;109676-110842;11296-13053;	1392;1167;1758;	v1.0 (11-03-2020)	-
SRR7644866.skesa	-	O157	H7	O157:H7	-	Based on 3 allele(s)	wzx:1;wzy:1;fliC:1;	O157-1-wzx-origin;O157-118-wzy;H7-1-fliC-origin;	100;100;99.943;	100;100;100;	Contig_147_61.899;Contig_147_61.899;Contig_6_63.2687;	3079-4470;1211-2377;11296-13053;	1392;1167;1758;	v1.0 (11-03-2020)	-
SRR7644873.skesa	-	O157	H7	O157:H7	-	Based on 3 allele(s)	wzx:1;wzy:1;fliC:1;	O157-1-wzx-origin;O157-118-wzy;H7-1-fliC-origin;	100;100;100;	100;100;100;	Contig_94_42.3681;Contig_94_42.3681;Contig_110_40.2829;	111475-112866;109607-110773;147808-149565;	1392;1167;1758;	v1.0 (11-03-2020)	-
SRR7644875.skesa	-	O157	H7	O157:H7	-	Based on 3 allele(s)	wzx:1;wzy:1;fliC:1;	O157-1-wzx-origin;O157-118-wzy;H7-1-fliC-origin;	100;100;100;	100;100;100;	Contig_35_58.8086;Contig_35_58.8086;Contig_156_60.1977;	65440-66831;63572-64738;11750-13507;	1392;1167;1758;	v1.0 (11-03-2020)	-
SRR7644876.skesa	-	O157	H7	O157:H7	-	Based on 3 allele(s)	wzx:1;wzy:1;fliC:1;	O157-1-wzx-origin;O157-118-wzy;H7-1-fliC-origin;	100;100;100;	100;100;100;	Contig_68_83.2068;Contig_68_83.2068;Contig_6_82.3537;	88960-90351;87092-88258;11295-13052;	1392;1167;1758;	v1.0 (11-03-2020)	-
SRR7644880.skesa	-	O157	H7	O157:H7	-	Based on 3 allele(s)	wzx:1;wzy:1;fliC:1;	O157-1-wzx-origin;O157-118-wzy;H7-1-fliC-origin;	100;100;100;	100;100;100;	Contig_121_52.2191;Contig_121_52.2191;Contig_135_54.2942;	65450-66841;63582-64748;11632-13389;	1392;1167;1758;	v1.0 (11-03-2020)	-
SRR7644909.skesa	-	O157	H7	O157:H7	-	Based on 3 allele(s)	wzx:1;wzy:1;fliC:1;	O157-1-wzx-origin;O157-118-wzy;H7-1-fliC-origin;	100;100;100;	100;100;100;	Contig_138_84.6009;Contig_138_84.6009;Contig_213_78.1234;	111332-112723;109464-110630;147766-149523;	1392;1167;1758;	v1.0 (11-03-2020)	-
SRR7644910.skesa	-	O157	H7	O157:H7	-	Based on 3 allele(s)	wzx:1;wzy:1;fliC:1;	O157-1-wzx-origin;O157-118-wzy;H7-1-fliC-origin;	100;100;100;	100;100;100;	Contig_175_139.766;Contig_175_139.766;Contig_128_143.416;	65450-66841;63582-64748;11530-13287;	1392;1167;1758;	v1.0 (11-03-2020)	-
SRR7644912.skesa	-	O157	H7	O157:H7	-	Based on 3 allele(s)	wzx:1;wzy:1;fliC:1;	O157-1-wzx-origin;O157-118-wzy;H7-1-fliC-origin;	100;100;100;	100;100;100;	Contig_72_69.1792;Contig_72_69.1792;Contig_44_63.8176;	66743-68134;64875-66041;357634-359391;	1392;1167;1758;	v1.0 (11-03-2020)	-
SRR7644921.skesa	-	O157	H7	O157:H7	-	Based on 3 allele(s)	wzx:1;wzy:1;fliC:1;	O157-1-wzx-origin;O157-118-wzy;H7-1-fliC-origin;	100;100;100;	100;100;100;	Contig_81_86.6514;Contig_81_86.6514;Contig_83_56.5588;	111331-112722;109463-110629;147812-149569;	1392;1167;1758;	v1.0 (11-03-2020)	-
SRR8625781.skesa	-	O5	H9	O5:H9	-	Based on 3 allele(s)	wzx:1;wzy:1;fliC:0.63;	O5-3-wzx;O5-7-wzy;H9-5-fliC;	100;100;99.368;	100;100;63;	Contig_167_46.4333;Contig_167_46.4333;Contig_24_36.4682;	51605-52861;52862-54178;1-1266;	1257;1317;1266;	v1.0 (11-03-2020)	-
SRR8625784.skesa	-	O130	H11	O130:H11	-	Based on 2 allele(s)	wzy:0.996;fliC:1;	O130-2-wzy-origin;H11-4-fliC;	99.552;100;	100;100;	Contig_3_49.9689;Contig_79_48.3194;	1200-2315;52530-53988;	1116;1459;	v1.0 (11-03-2020)	-
ecolioutbreakSRR1609861.skesa	-	O121	H19	O121:H19	-	Based on 3 allele(s)	wzx:1;wzy:1;fliC:0.98;	O121-1-wzx-origin;O121-5-wzy-origin;H19-4-fliC;	100;100;98.362;	100;100;100;	Contig_32_35.7955;Contig_32_35.7955;Contig_164_34.4505;	64816-66210;62174-63364;20566-22397;	1395;1191;1832;	v1.0 (11-03-2020)	-
ecolioutbreakSRR1609862.skesa	-	O121	H19	O121:H19	-	Based on 3 allele(s)	wzx:1;wzy:1;fliC:0.98;	O121-1-wzx-origin;O121-5-wzy-origin;H19-4-fliC;	100;100;98.362;	100;100;100;	Contig_132_46.0337;Contig_132_46.0337;Contig_165_44.8096;	70445-71839;67803-68993;20566-22397;	1395;1191;1832;	v1.0 (11-03-2020)	-
ecolioutbreakSRR1609871.skesa	-	O121	H19	O121:H19	-	Based on 3 allele(s)	wzx:1;wzy:1;fliC:0.98;	O121-1-wzx-origin;O121-5-wzy-origin;H19-4-fliC;	100;100;98.362;	100;100;100;	Contig_105_106.412;Contig_105_106.412;Contig_140_102.383;	70445-71839;67803-68993;20566-22397;	1395;1191;1832;	v1.0 (11-03-2020)	-
ecolioutbreakSRR1649236.skesa	-	O121	H19	O121:H19	-	Based on 3 allele(s)	wzx:1;wzy:1;fliC:0.98;	O121-1-wzx-origin;O121-5-wzy-origin;H19-4-fliC;	100;100;98.362;	100;100;100;	Contig_111_86.8442;Contig_111_86.8442;Contig_152_83.6495;	70445-71839;67803-68993;20566-22397;	1395;1191;1832;	v1.0 (11-03-2020)	-
ecolioutbreakSRR1649237.skesa	-	O121	H19	O121:H19	-	Based on 3 allele(s)	wzx:1;wzy:1;fliC:0.98;	O121-1-wzx-origin;O121-5-wzy-origin;H19-4-fliC;	100;100;98.362;	100;100;100;	Contig_113_109.674;Contig_113_109.674;Contig_146_104.019;	70445-71839;67803-68993;20566-22397;	1395;1191;1832;	v1.0 (11-03-2020)	-
ecolioutbreakSRR1649238.skesa	-	O121	H19	O121:H19	-	Based on 3 allele(s)	wzx:1;wzy:1;fliC:0.98;	O121-1-wzx-origin;O121-5-wzy-origin;H19-4-fliC;	100;100;98.362;	100;100;100;	Contig_123_89.4367;Contig_123_89.4367;Contig_209_83.3648;	70445-71839;67803-68993;20567-22398;	1395;1191;1832;	v1.0 (11-03-2020)	-
ecolioutbreakSRR2417034.skesa	-	O121	H19	O121:H19	-	Based on 3 allele(s)	wzx:1;wzy:1;fliC:0.98;	O121-1-wzx-origin;O121-5-wzy-origin;H19-4-fliC;	100;100;98.362;	100;100;100;	Contig_76_91.485;Contig_76_91.485;Contig_48_88.8751;	64890-66284;62248-63438;74684-76515;	1395;1191;1832;	v1.0 (11-03-2020)	-
ecolioutbreakSRR2481220.skesa	-	O121	H19	O121:H19	-	Based on 3 allele(s)	wzx:1;wzy:1;fliC:0.98;	O121-1-wzx-origin;O121-5-wzy-origin;H19-4-fliC;	100;100;98.362;	100;100;100;	Contig_71_84.3085;Contig_71_84.3085;Contig_164_83.472;	65868-67262;63226-64416;20566-22397;	1395;1191;1832;	v1.0 (11-03-2020)	-
ecolioutbreakSRR2481224.skesa	-	O121	H19	O121:H19	-	Based on 3 allele(s)	wzx:1;wzy:1;fliC:0.98;	O121-1-wzx-origin;O121-5-wzy-origin;H19-4-fliC;	100;100;98.362;	100;100;100;	Contig_119_65.3606;Contig_119_65.3606;Contig_44_61.5979;	70445-71839;67803-68993;5188-7019;	1395;1191;1832;	v1.0 (11-03-2020)	-
ecolioutbreakSRR2481225.skesa	-	O121	H19	O121:H19	-	Based on 3 allele(s)	wzx:1;wzy:1;fliC:0.98;	O121-1-wzx-origin;O121-5-wzy-origin;H19-4-fliC;	100;100;98.362;	100;100;100;	Contig_264_90.162;Contig_264_90.162;Contig_194_85.9622;	43904-45298;41262-42452;20566-22397;	1395;1191;1832;	v1.0 (11-03-2020)	-
ecolioutbreakSRR2481229.skesa	-	O121	H19	O121:H19	-	Based on 3 allele(s)	wzx:1;wzy:0.85;fliC:0.98;	O121-1-wzx-origin;O121-5-wzy-origin;H19-4-fliC;	100;100;98.362;	100;85;100;	Contig_67_93.0956;Contig_197_78.5708;Contig_176_91.2493;	85388-86782;1-1011;20566-22397;	1395;1011;1832;	v1.0 (11-03-2020)	-
ecolioutbreakSRR3068646.skesa	-	O121	H19	O121:H19	-	Based on 3 allele(s)	wzx:1;wzy:0.84;fliC:0.98;	O121-1-wzx-origin;O121-4-wzy-origin;H19-4-fliC;	100;100;98.362;	100;84;100;	Contig_196_46.4934;Contig_58_46.1756;Contig_53_47.6107;	47463-48857;62263-63259;74685-76516;	1395;997;1832;	v1.0 (11-03-2020)	-
ecolioutbreakSRR3371926.skesa	-	O121	H19	O121:H19	-	Based on 3 allele(s)	wzx:1;wzy:1;fliC:0.98;	O121-1-wzx-origin;O121-5-wzy-origin;H19-4-fliC;	100;100;98.362;	100;100;100;	Contig_14_32.7134;Contig_14_32.7134;Contig_29_31.6846;	70448-71842;67806-68996;74685-76516;	1395;1191;1832;	v1.0 (11-03-2020)	-
ecolioutbreakSRR3371990.skesa	-	O121	H19	O121:H19	-	Based on 3 allele(s)	wzx:1;wzy:1;fliC:0.98;	O121-1-wzx-origin;O121-5-wzy-origin;H19-4-fliC;	100;100;98.362;	100;100;100;	Contig_24_96.0757;Contig_24_96.0757;Contig_39_91.8794;	70448-71842;67806-68996;74553-76384;	1395;1191;1832;	v1.0 (11-03-2020)	-
